COMPANY,Rating,Review,Type,Old,No._of_employes
TCS,3.9,(45.4k Reviews),Public,54 years old,1 Lakh+ Employees (India)
Accenture,4.2,(29.7k Reviews),Public,33 years old,1 Lakh+ Employees (India)
Cognizant,4.0,(26.9k Reviews),Private,28 years old,1 Lakh+ Employees (India)
ICICI Bank,4.0,(33.5k Reviews),Public,28 years old,50k-1 Lakh Employees (India)
Wipro,3.9,(25.3k Reviews),Public,77 years old,1 Lakh+ Employees (India)
HDFC Bank,4.0,(35.1k Reviews),Public,28 years old,1 Lakh+ Employees (India)
Capgemini,3.9,(21.9k Reviews),Public,55 years old,1 Lakh+ Employees (India)
HCL Technologies,3.9,(21.5k Reviews),Public,46 years old,1 Lakh+ Employees (India)
Infosys,4.0,(25.6k Reviews),Public,41 years old,1 Lakh+ Employees (India)
Tech Mahindra,3.8,(19.8k Reviews),Public,36 years old,50k-1 Lakh Employees (India)
Genpact,4.0,(20k Reviews),Private,25 years old,50k-1 Lakh Employees (India)
Axis Bank,3.9,(17.7k Reviews),Public,29 years old,50k-1 Lakh Employees (India)
IBM,4.2,(14.7k Reviews),Public,111 years old,50k-1 Lakh Employees (India)
Amazon,4.2,(14.3k Reviews),Private,28 years old,1 Lakh+ Employees (India)
Concentrix Corpo...,4.1,(14.2k Reviews),Public,39 years old,10k-50k Employees (India)
Larsen & Toubro ...,4.1,(19.9k Reviews),Public,84 years old,10k-50k Employees (India)
Reliance jio,4.0,(13.7k Reviews),Public,15 years old,10k-50k Employees (India)
Vodafone Idea,4.3,(13.2k Reviews),Public,4 years old,10k-50k Employees (India)
HDB Financial Se...,4.0,(12.4k Reviews),Private,15 years old,1 Lakh+ Employees (India)
Teleperformance,3.6,(10.1k Reviews),Private,44 years old,50k-1 Lakh Employees (India)
Kotak Mahindra B...,3.9,(12.8k Reviews),Public,19 years old,10k-50k Employees (India)
Reliance Industr...,4.1,(39.1k Reviews),Public,49 years old,1 Lakh+ Employees (India)
Bharti Airtel,4.1,(12k Reviews),Public,27 years old,5k-10k Employees (India)
Deloitte,4.1,(8.6k Reviews),Private,177 years old,10k-50k Employees (India)
Tata Motors,4.1,(8.5k Reviews),Public,77 years old,50k-1 Lakh Employees (India)
Reliance Retail,4.1,(13.4k Reviews),Private,16 years old,1 Lakh+ Employees (India)
Mahindra & Mahin...,4.1,(19.9k Reviews),Public,77 years old,10k-50k Employees (India)
WNS,3.7,(6.5k Reviews),Private,26 years old,10k-50k Employees (India)
IndusInd Bank,3.8,(6.4k Reviews),Public,28 years old,10k-50k Employees (India)
DXC Technology,3.9,(6.6k Reviews),Public,31 years old,10k-50k Employees (India)
Hinduja Global S...,4.0,(5.8k Reviews),Public,22 years old,1k-5k Employees (India)
Ernst & Young,3.8,(5.6k Reviews),Private,20 years old,50k-1 Lakh Employees (India)
Maruti Suzuki,4.1,(5.6k Reviews),Public,39 years old,10k-50k Employees (India)
Infosys BPM,4.0,(5.4k Reviews),"Bangalore/Bengaluru,Karnataka + 44 more",10k-50k Employees (India),
Samsung,4.1,(7.8k Reviews),Private,84 years old,50k-1 Lakh Employees (India)
HSBC,4.1,(5.7k Reviews),Private,20 years old,10k-50k Employees (India)
BYJU'S,3.6,(9.6k Reviews),Private,11 years old,1k-5k Employees (India)
Ericsson,4.3,(5.2k Reviews),Private,146 years old,10k-50k Employees (India)
Bajaj Finserv,4.1,(12.9k Reviews),Public,15 years old,10k-50k Employees (India)
Conneqt Business...,3.8,(4.8k Reviews),Private,20 years old,10k-50k Employees (India)
IDFC FIRST Bank,4.0,(4.7k Reviews),Public,4 years old,10k-50k Employees (India)
Dr. Reddy's,4.2,(4.8k Reviews),Public,36 years old,10k-50k Employees (India)
Startek,3.5,(4.6k Reviews),Public,5 years old,5k-10k Employees (India)
Mphasis,3.8,(4.5k Reviews),Public,22 years old,1k-5k Employees (India)
Jana Small Finan...,3.9,(4.5k Reviews),Public,16 years old,10k-50k Employees (India)
Sutherland Globa...,3.9,(4.9k Reviews),Private,36 years old,10k-50k Employees (India)
Cipla Pharmaceut...,4.1,(4.5k Reviews),Public,87 years old,10k-50k Employees (India)
Yes Bank,4.0,(4.4k Reviews),Public,18 years old,10k-50k Employees (India)
ICICI Prudential...,4.1,(4.3k Reviews),Public,22 years old,10k-50k Employees (India)
Bajaj Allianz Li...,4.2,(4.4k Reviews),Private,21 years old,10k-50k Employees (India)
Asian Paints,4.3,(4.8k Reviews),Public,80 years old,10k-50k Employees (India)
NTT DATA,4.1,(8k Reviews),Private,34 years old,10k-50k Employees (India)
Lupin,4.2,(4.2k Reviews),Public,54 years old,10k-50k Employees (India)
Indian Army,4.7,(4k Reviews),Public,127 years old,1 Lakh+ Employees (India)
Udaan,4.2,(4k Reviews),Private,6 years old,10k-50k Employees (India)
HDFC Life,4.1,(4k Reviews),Public,22 years old,10k-50k Employees (India)
EXL Service,3.9,(5k Reviews),Private,23 years old,10k-50k Employees (India)
Zydus Cadila,4.1,(5k Reviews),Public,70 years old,10k-50k Employees (India)
Home Credit Fina...,4.2,(3.9k Reviews),Private,10 years old,10k-50k Employees (India)
L&T Infotech,3.9,(3.7k Reviews),Public,26 years old,10k-50k Employees (India)
PwC,3.8,(3.7k Reviews),Partnership,24 years old,5k-10k Employees (India)
Bajaj Finance,4.2,(3.6k Reviews),Private,35 years old,10k-50k Employees (India)
Hindustan Unilev...,4.3,(5.8k Reviews),Public,89 years old,10k-50k Employees (India)
UltraTech Cement,4.3,(3.9k Reviews),Public,39 years old,10k-50k Employees (India)
Ujjivan Small Fi...,4.1,(3.5k Reviews),Public,5 years old,10k-50k Employees (India)
ITC,3.9,(7.1k Reviews),Public,47 years old,10k-50k Employees (India)
Hewlett-Packard ...,4.3,(5k Reviews),Private,83 years old,10k-50k Employees (India)
OPPO,4.0,(3.7k Reviews),Public,18 years old,10k-50k Employees (India)
Paytm,3.8,(4.3k Reviews),Public,12 years old,10k-50k Employees (India)
Shapoorji Pallon...,4.3,(5.2k Reviews),Private,157 years old,5k-10k Employees (India)
IIFL,3.9,(3.4k Reviews),Public,27 years old,5k-10k Employees (India)
KPMG,3.8,(3.4k Reviews),Partnership,35 years old,10k-50k Employees (India)
Mindtree,4.1,(3.3k Reviews),Public,23 years old,10k-50k Employees (India)
JP Morgan Chase,4.2,(3.3k Reviews),Private,22 years old,10k-50k Employees (India)
Shriram Transpor...,4.2,(5.2k Reviews),Public,43 years old,10k-50k Employees (India)
Ashok Leyland,4.1,(4k Reviews),Public,74 years old,10k-50k Employees (India)
Mahindra & Mahin...,4.3,(3.3k Reviews),Public,31 years old,10k-50k Employees (India)
Sun Pharmaceutic...,4.1,(3.8k Reviews),Public,39 years old,10k-50k Employees (India)
Intelenet Global...,3.7,(3.3k Reviews),Private,22 years old,10k-50k Employees (India)
Aurobindo Pharma,4.1,(3.5k Reviews),Public,36 years old,1k-5k Employees (India)
Vivo,4.1,(3.2k Reviews),Private,13 years old,5k-10k Employees (India)
Apollo Hospitals,4.1,(5.1k Reviews),Public,39 years old,50k-1 Lakh Employees (India)
Reliance Communi...,4.0,(3.6k Reviews),Public,20 years old,10k-50k Employees (India)
Fidelity Nationa...,4.1,(3.3k Reviews),Private,17 years old,10k-50k Employees (India)
Wells Fargo Indi...,4.3,(3.1k Reviews),Public,170 years old,10k-50k Employees (India)
Future Group,4.2,(10.1k Reviews),Private,9 years old,50k-1 Lakh Employees (India)
Siemens,4.2,(3.2k Reviews),Public,30 years old,10k-50k Employees (India)
Nokia,4.4,(3.2k Reviews),Private,157 years old,10k-50k Employees (India)
Bandhan Bank,3.9,(3.3k Reviews),Public,21 years old,10k-50k Employees (India)
eClerx,3.7,(3k Reviews),Public,22 years old,5k-10k Employees (India)
Delhivery,4.2,(3k Reviews),Private,11 years old,10k-50k Employees (India)
Max Life Insuran...,4.2,(3k Reviews),JV,22 years old,10k-50k Employees (India)
Wipro BPS,3.8,(2.9k Reviews),Bengaluru + 38 more,1 Lakh+ Employees (India),
TVS Motor,4.1,(3.1k Reviews),Public,43 years old,5k-10k Employees (India)
AU Small Finance...,4.1,(3.9k Reviews),Private,26 years old,10k-50k Employees (India)
Cyient,3.7,(2.9k Reviews),Public,31 years old,10k-50k Employees (India)
Tata Projects,4.2,(2.9k Reviews),Public,43 years old,5k-10k Employees (India)
Oyo Rooms,3.5,(3.1k Reviews),Private,9 years old,1k-5k Employees (India)
First Source,4.0,(2.9k Reviews),Public,21 years old,5k-10k Employees (India)
JLL,4.3,(2.9k Reviews),Private,25 years old,10k-50k Employees (India)
Oracle,3.9,(3.6k Reviews),Public,45 years old,10k-50k Employees (India)
Hero MotoCorp,4.3,(2.9k Reviews),Public,38 years old,5k-10k Employees (India)
JSW Steel,3.9,(4.2k Reviews),Public,40 years old,10k-50k Employees (India)
Hexaware Technol...,3.8,(2.9k Reviews),Public,32 years old,10k-50k Employees (India)
TATA Steel,4.1,(4.3k Reviews),Public,115 years old,10k-50k Employees (India)
Hyundai Motor,4.1,(3.8k Reviews),Private,55 years old,5k-10k Employees (India)
Bosch,4.3,(3.6k Reviews),Public,136 years old,10k-50k Employees (India)
JustDial,3.6,(2.7k Reviews),Public,26 years old,10k-50k Employees (India)
Atos Syntel,3.8,(4.4k Reviews),Private,42 years old,10k-50k Employees (India)
iEnergizer,3.5,(2.6k Reviews),Private,22 years old,5k-10k Employees (India)
Quess,3.9,(7.8k Reviews),Public,15 years old,10k-50k Employees (India)
Megha Engineerin...,4.2,(2.6k Reviews),Private,33 years old,1k-5k Employees (India)
Dell,4.3,(3.5k Reviews),Private,38 years old,50k-1 Lakh Employees (India)
Viatris,4.3,(2.5k Reviews),"Canonsburg,Pennsylvania + 61 more",1k-5k Employees (India),
L&T Construction,4.2,(3.5k Reviews),Public,78 years old,10k-50k Employees (India)
Godrej & Boyce M...,3.9,(2.5k Reviews),Private,125 years old,10k-50k Employees (India)
BNY Mellon,4.2,(2.5k Reviews),Private,18 years old,10k-50k Employees (India)
Omega Healthcare,3.8,(2.5k Reviews),Private,18 years old,1k-5k Employees (India)
Fullerton India,4.2,(2.4k Reviews),Private,15 years old,10k-50k Employees (India)
SBI Cards & Paym...,3.8,(2.4k Reviews),Public,24 years old,5k-10k Employees (India)
Cgi Group,4.2,(2.5k Reviews),Private,31 years old,10k-50k Employees (India)
UnitedHealth,4.2,(4.3k Reviews),Private,45 years old,10k-50k Employees (India)
Aditya Birla Fas...,4.3,(2.8k Reviews),Private,7 years old,10k-50k Employees (India)
Manappuram Finan...,4.0,(3.1k Reviews),Public,73 years old,10k-50k Employees (India)
D Mart,4.0,(2.4k Reviews),Private,22 years old,5k-10k Employees (India)
IQVIA,4.2,(2.3k Reviews),Partnership,40 years old,10k-50k Employees (India)
Axis Direct,4.0,(2.3k Reviews),Private,11 years old,1k-5k Employees (India)
Dominos Pizza,4.1,(2.3k Reviews),Public,62 years old,1k-5k Employees (India)
Nagarjuna Constr...,4.2,(2.4k Reviews),Public,24 years old,1k-5k Employees (India)
CBRE,4.3,(2.3k Reviews),Private,116 years old,10k-50k Employees (India)
Wipro Consumer ...,3.8,(2.9k Reviews),Private,77 years old,1k-5k Employees (India)
Equitas Small Fi...,4.2,(2.3k Reviews),Private,15 years old,1k-5k Employees (India)
Royal Enfield,4.2,(2.3k Reviews),Private,67 years old,5k-10k Employees (India)
State Bank of In...,3.9,(2.3k Reviews),"Mumbai,Maharashtra + 333 more",1 Lakh+ Employees (India),
JBM Group,4.1,(2.8k Reviews),Public,39 years old,1k-5k Employees (India)
Nagarro,4.6,(2.2k Reviews),Private,26 years old,5k-10k Employees (India)
Bajaj Auto,4.1,(5.9k Reviews),Public,77 years old,201-500 Employees (India)
ICICI Lombard Ge...,3.8,(2.2k Reviews),Public,21 years old,5k-10k Employees (India)
Tata Communicati...,4.2,(3k Reviews),Public,36 years old,10k-50k Employees (India)
Muthoot Fincorp,4.0,(2.2k Reviews),Private,135 years old,10k-50k Employees (India)
Amdocs,4.1,(2.2k Reviews),Private,40 years old,10k-50k Employees (India)
UST,4.1,(2.3k Reviews),Private,21 years old,10k-50k Employees (India)
Bosch Global Sof...,4.2,(2.2k Reviews),Private,32 years old,10k-50k Employees (India)
Flex,4.2,(2.2k Reviews),Private,53 years old,10k-50k Employees (India)
LG Electronics,4.1,(2.2k Reviews),Public,64 years old,5k-10k Employees (India)
John Deere,4.4,(2.4k Reviews),Private,21 years old,1k-5k Employees (India)
L&T Financial Se...,4.1,(2.1k Reviews),Public,28 years old,10k-50k Employees (India)
Motherson Sumi S...,3.9,(3.5k Reviews),Public,36 years old,1k-5k Employees (India)
Sodexo,4.1,(2.2k Reviews),Private,14 years old,10k-50k Employees (India)
Ford Motor,4.5,(2.5k Reviews),Public,119 years old,5k-10k Employees (India)
Whitehat jr,3.8,(2.1k Reviews),Private,4 years old,5k-10k Employees (India)
Hetero Drugs,4.0,(2.5k Reviews),Private,29 years old,1k-5k Employees (India)
Ecom Express,4.3,(2.1k Reviews),Private,10 years old,10k-50k Employees (India)
Alembic Pharmace...,4.1,(2.1k Reviews),Public,115 years old,5k-10k Employees (India)
KEC Internationa...,4.2,(2.1k Reviews),Public,77 years old,5k-10k Employees (India)
Indiamart Interm...,3.8,(2.1k Reviews),Private,26 years old,10k-50k Employees (India)
SBI Life Insuran...,3.8,(2.1k Reviews),Public,21 years old,10k-50k Employees (India)
Abbott Healthcar...,4.2,(3.4k Reviews),Public,31 years old,10k-50k Employees (India)
Cholamandalam In...,4.3,(2.1k Reviews),Private,44 years old,1k-5k Employees (India)
Schneider Electr...,4.2,(3.7k Reviews),Private,23 years old,10k-50k Employees (India)
Hindustan Coca C...,4.4,(2k Reviews),Private,25 years old,1k-5k Employees (India)
Simplex Infrastr...,3.7,(2.2k Reviews),Public,98 years old,1k-5k Employees (India)
BigBasket,4.2,(2.1k Reviews),Private,11 years old,5k-10k Employees (India)
GlobalLogic,4.0,(2k Reviews),Private,22 years old,5k-10k Employees (India)
Thermax,4.3,(2.3k Reviews),Public,42 years old,1k-5k Employees (India)
Subros,4.0,(2k Reviews),Public,37 years old,1k-5k Employees (India)
Muthoot Group,3.7,(4.4k Reviews),Public,135 years old,1k-5k Employees (India)
Intas Pharmaceut...,4.3,(2k Reviews),Private,22 years old,5k-10k Employees (India)
Wipro Enterprise...,3.8,(2k Reviews),Bangalore + 65 more,1 Lakh+ Employees (India),
Arvind Group,4.1,(2.2k Reviews),Public,91 years old,10k-50k Employees (India)
Gati kwe,4.1,(2k Reviews),Private,10 years old,1k-5k Employees (India)
Muthoot Finance,3.6,(2k Reviews),Public,83 years old,10k-50k Employees (India)
NatWest Group,4.1,(2k Reviews),Chennai + 18 more,,
VE Commercial Ve...,4.1,(1.9k Reviews),Private,14 years old,1k-5k Employees (India)
Varun Beverages,4.0,(1.9k Reviews),Public,27 years old,5k-10k Employees (India)
Shoppers Stop,4.3,(2.1k Reviews),Public,31 years old,10k-50k Employees (India)
Cummins,4.4,(1.9k Reviews),"Columbus,Indiana + 74 more",10k-50k Employees (India),
Atos,3.8,(6.3k Reviews),Private,25 years old,10k-50k Employees (India)
Macleods Pharmac...,4.0,(1.9k Reviews),Public,36 years old,5k-10k Employees (India)
Indian Air Force,4.6,(1.9k Reviews),Private,90 years old,1 Lakh+ Employees (India)
Suzlon Group,4.2,(1.9k Reviews),Public,27 years old,5k-10k Employees (India)
CMS IT Services,3.2,(1.9k Reviews),Private,8 years old,5k-10k Employees (India)
McDonald's,4.3,(1.9k Reviews),Private,67 years old,5k-10k Employees (India)
American Express,4.4,(2k Reviews),Private,172 years old,10k-50k Employees (India)
Virtusa Consulti...,3.8,(1.9k Reviews),Private,26 years old,5k-10k Employees (India)
Optum,4.1,(1.9k Reviews),Private,45 years old,50k-1 Lakh Employees (India)
Glenmark Pharmac...,4.2,(1.9k Reviews),Public,45 years old,5k-10k Employees (India)
DTDC Express,4.0,(1.9k Reviews),Private,32 years old,1k-5k Employees (India)
Bel,4.2,(1.9k Reviews),Private,68 years old,5k-10k Employees (India)
ABB Group,4.1,(1.9k Reviews),Public,21 years old,5k-10k Employees (India)
Randstad,4.1,(1.9k Reviews),Private,30 years old,1k-5k Employees (India)
Alkem Laboratori...,4.1,(1.9k Reviews),Public,49 years old,10k-50k Employees (India)
Deutsche Bank,4.3,(1.9k Reviews),Private,152 years old,10k-50k Employees (India)
Lava Internation...,4.2,(1.8k Reviews),Public,13 years old,1k-5k Employees (India)
Honda Motorcycle...,4.2,(1.8k Reviews),Private,23 years old,5k-10k Employees (India)
Standard Charter...,4.2,(4.3k Reviews),Private,53 years old,5k-10k Employees (India)
Reliance Nippon ...,3.9,(1.8k Reviews),Private,22 years old,10k-50k Employees (India)
Havells,4.2,(2k Reviews),Public,39 years old,5k-10k Employees (India)
Swiggy,4.2,(1.8k Reviews),Private,8 years old,1k-5k Employees (India)
Pidilite Industr...,4.4,(1.9k Reviews),Public,63 years old,5k-10k Employees (India)
KocharTech,4.5,(1.8k Reviews),Private,27 years old,501-1k Employees (India)
Ipca Laboratorie...,4.1,(1.8k Reviews),Public,73 years old,5k-10k Employees (India)
DCB Bank,4.0,(1.8k Reviews),Private,92 years old,5k-10k Employees (India)
Bajaj Electrical...,4.1,(1.8k Reviews),Public,84 years old,5k-10k Employees (India)
Indian Oil Corpo...,4.4,(2k Reviews),Private,63 years old,10k-50k Employees (India)
24/7 Customer,3.6,(1.8k Reviews),Private,22 years old,5k-10k Employees (India)
Conduent,3.7,(1.7k Reviews),Private,5 years old,5k-10k Employees (India)
Titan Company,4.4,(1.7k Reviews),Public,4 years old,5k-10k Employees (India)
Future Retail,4.2,(4.4k Reviews),Public,35 years old,10k-50k Employees (India)
Tata Teleservice...,4.2,(1.7k Reviews),Public,26 years old,201-500 Employees (India)
Maersk,4.4,(1.7k Reviews),Private,118 years old,10k-50k Employees (India)
Hindalco Industr...,4.3,(1.7k Reviews),Public,64 years old,10k-50k Employees (India)
MRF Tyres,3.7,(1.8k Reviews),Public,76 years old,1k-5k Employees (India)
PepsiCo,4.1,(1.8k Reviews),Private,33 years old,1 Lakh+ Employees (India)
State Street Syn...,3.8,(1.7k Reviews),Private,18 years old,501-1k Employees (India)
Jindal Steel and...,4.0,(2k Reviews),Private,70 years old,5k-10k Employees (India)
Huawei Technolog...,3.8,(1.7k Reviews),Private,20 years old,1k-5k Employees (India)
Tractors and Far...,4.2,(1.7k Reviews),Public,62 years old,5k-10k Employees (India)
CARS24.com,3.8,(1.7k Reviews),Private,7 years old,5k-10k Employees (India)
Team Lease,4.1,(1.7k Reviews),Public,6 years old,1k-5k Employees (India)
Torrent Pharmace...,4.1,(1.7k Reviews),Public,51 years old,5k-10k Employees (India)
Vishal Mega Mart,3.9,(1.7k Reviews),Private,14 years old,5k-10k Employees (India)
RSPL Group,4.1,(1.7k Reviews),Private,35 years old,1k-5k Employees (India)
Ceat Tyres,4.2,(1.7k Reviews),Public,64 years old,5k-10k Employees (India)
ACC,4.0,(1.7k Reviews),Public,86 years old,5k-10k Employees (India)
Rivigo,3.9,(1.7k Reviews),Private,8 years old,1k-5k Employees (India)
L&T Technology S...,3.4,(1.6k Reviews),Public,10 years old,10k-50k Employees (India)
Capita,3.9,(1.7k Reviews),Private,17 years old,1k-5k Employees (India)
Bank of America,4.5,(2.8k Reviews),Private,24 years old,10k-50k Employees (India)
Tata AIA Life In...,4.0,(1.6k Reviews),Private,21 years old,5k-10k Employees (India)
Radisson Hotels,3.8,(1.7k Reviews),Private,113 years old,10k-50k Employees (India)
Dilip Buildcon,4.1,(1.6k Reviews),Public,35 years old,10k-50k Employees (India)
KPIT Technologie...,3.6,(1.6k Reviews),Public,32 years old,5k-10k Employees (India)
Ekart Logistics,4.3,(1.6k Reviews),Private,13 years old,1k-5k Employees (India)
PNB MetLife,3.7,(1.6k Reviews),Private,21 years old,5k-10k Employees (India)
RBL Bank,3.8,(1.6k Reviews),Public,79 years old,1k-5k Employees (India)
ITC Infotech In...,3.6,(1.6k Reviews),Private,22 years old,5k-10k Employees (India)
Patanjali Ayurve...,4.1,(1.6k Reviews),Private,16 years old,5k-10k Employees (India)
Dabur,4.1,(1.6k Reviews),Public,138 years old,5k-10k Employees (India)
Kotak Mahindara ...,3.9,(1.6k Reviews),Public,21 years old,5k-10k Employees (India)
Apollo Tyres,4.2,(1.6k Reviews),Public,50 years old,5k-10k Employees (India)
Biocon Biologics...,4.0,(1.6k Reviews),Public,44 years old,10k-50k Employees (India)
HDFC Ergo Genera...,4.0,(1.6k Reviews),Public,20 years old,1k-5k Employees (India)
IndiGo,3.5,(1.6k Reviews),Private,17 years old,10k-50k Employees (India)
Landmark Group,4.3,(4.6k Reviews),Private,49 years old,1k-5k Employees (India)
Eureka Forbes,4.0,(1.6k Reviews),Private,40 years old,5k-10k Employees (India)
Ola Cabs,3.6,(2.1k Reviews),Private,12 years old,10k-50k Employees (India)
JK Cement,4.2,(1.5k Reviews),Public,48 years old,1k-5k Employees (India)
Lifestyle,4.4,(1.5k Reviews),Private,8 years old,10k-50k Employees (India)
Fortis Healthcar...,4.0,(1.5k Reviews),Public,26 years old,5k-10k Employees (India)
Max Healthcare,4.2,(1.6k Reviews),Partnership,21 years old,1k-5k Employees (India)
Suzuki,4.1,(7.1k Reviews),Private,8 years old,1k-5k Employees (India)
Escorts Group,4.2,(1.7k Reviews),Public,62 years old,5k-10k Employees (India)
GeBBS Healthcare...,3.9,(1.5k Reviews),Private,17 years old,5k-10k Employees (India)
Pfizer,4.2,(2.1k Reviews),Public,18 years old,1k-5k Employees (India)
Berger Paints,3.8,(1.6k Reviews),Public,99 years old,1k-5k Employees (India)
Fiserv,3.9,(1.5k Reviews),Private,51 years old,501-1k Employees (India)
HCL Infosystems,3.9,(1.5k Reviews),Public,46 years old,10k-50k Employees (India)
Nestle,4.1,(1.6k Reviews),Public,63 years old,10k-50k Employees (India)
Blue Dart Expres...,4.2,(1.6k Reviews),Public,39 years old,10k-50k Employees (India)
Utkarsh Small Fi...,4.0,(1.5k Reviews),Public,13 years old,1k-5k Employees (India)
Aakash Institute,3.6,(1.7k Reviews),Private,34 years old,1k-5k Employees (India)
G4S,4.2,(1.5k Reviews),Private,26 years old,1 Lakh+ Employees (India)
JMC Projects,4.3,(1.5k Reviews),Public,40 years old,1k-5k Employees (India)
Mankind Pharma,4.2,(1.7k Reviews),Private,27 years old,5k-10k Employees (India)
Reliance Digital,4.3,(1.5k Reviews),Private,15 years old,1k-5k Employees (India)
Aarti Industries,4.2,(1.5k Reviews),Public,47 years old,1k-5k Employees (India)
Tata AIG General...,4.1,(1.5k Reviews),Private,22 years old,5k-10k Employees (India)
Life Insurance C...,4.3,(1.5k Reviews),Private,66 years old,1 Lakh+ Employees (India)
PolicyBazaar,3.7,(1.5k Reviews),Public,14 years old,5k-10k Employees (India)
IndiGo,3.4,(1.5k Reviews),Private,17 years old,10k-50k Employees (India)
Sapient Corporat...,3.9,(1.6k Reviews),Private,32 years old,10k-50k Employees (India)
Cogent E Service...,3.4,(1.5k Reviews),Private,18 years old,10k-50k Employees (India)
Voltas,4.1,(1.5k Reviews),Public,68 years old,5k-10k Employees (India)
Delhi Public Sch...,3.9,(1.4k Reviews),Public,24 years old,1k-5k Employees (India)
ADP Solutions,4.3,(1.4k Reviews),Public,23 years old,1k-5k Employees (India)
R1 RCM,4.0,(1.4k Reviews),Private,19 years old,1k-5k Employees (India)
I Process Servic...,4.0,(1.4k Reviews),Private,17 years old,1k-5k Employees (India)
Raymond,4.1,(1.7k Reviews),Public,97 years old,1k-5k Employees (India)
Access Healthcar...,4.1,(1.4k Reviews),Private,11 years old,1k-5k Employees (India)
Persistent Syste...,4.2,(1.4k Reviews),Public,32 years old,10k-50k Employees (India)
Birla Sun Life I...,4.2,(1.4k Reviews),Private,22 years old,10k-50k Employees (India)
Exide Industries,3.8,(2.7k Reviews),Public,75 years old,1k-5k Employees (India)
NIIT Technologie...,3.5,(1.4k Reviews),Public,18 years old,5k-10k Employees (India)
ACT Fibernet,4.0,(1.4k Reviews),Private,22 years old,5k-10k Employees (India)
Aditya Birla Gro...,4.2,(13.5k Reviews),"Mumbai,Maharashtra + 185 more",1 Lakh+ Employees (India),
BHEL,4.3,(1.4k Reviews),Private,58 years old,10k-50k Employees (India)
Micro Labs,3.8,(1.4k Reviews),Private,49 years old,5k-10k Employees (India)
PVR Cinemas,4.2,(1.4k Reviews),Public,25 years old,1k-5k Employees (India)
Zensar Technolog...,3.9,(1.4k Reviews),Public,31 years old,10k-50k Employees (India)
United Phosphoru...,4.3,(1.4k Reviews),Public,53 years old,1k-5k Employees (India)
R.R. Donnelley,4.1,(1.4k Reviews),Private,158 years old,5k-10k Employees (India)
DHFL,4.6,(1.4k Reviews),Public,38 years old,1k-5k Employees (India)
Walmart,4.2,(11.7k Reviews),Private,13 years old,5k-10k Employees (India)
Ajanta Pharma,4.0,(1.3k Reviews),Public,49 years old,1k-5k Employees (India)
Poonawalla Finco...,4.1,(1.7k Reviews),Public,34 years old,5k-10k Employees (India)
The Himalaya Dru...,4.2,(1.3k Reviews),Private,92 years old,1k-5k Employees (India)
Statestreet HCL ...,3.4,(1.3k Reviews),Private,10 years old,5k-10k Employees (India)
Renault-Nissan,4.1,(1.4k Reviews),Private,12 years old,5k-10k Employees (India)
Cholamandalam MS...,4.0,(1.3k Reviews),JV,21 years old,50k-1 Lakh Employees (India)
Emcure Pharmaceu...,4.1,(1.4k Reviews),Private,41 years old,5k-10k Employees (India)
Birlasoft,3.8,(1.3k Reviews),Public,27 years old,5k-10k Employees (India)
Blue Star,4.1,(1.3k Reviews),Public,79 years old,1k-5k Employees (India)
Honda,4.2,(3.2k Reviews),Private,37 years old,5k-10k Employees (India)
HDFC Sales,4.1,(1.3k Reviews),Private,18 years old,10k-50k Employees (India)
Sterling & Wilso...,4.2,(1.3k Reviews),Private,95 years old,1k-5k Employees (India)
Exide Life Insur...,3.7,(1.3k Reviews),Private,21 years old,1k-5k Employees (India)
Britannia,4.2,(1.3k Reviews),Public,130 years old,1k-5k Employees (India)
AGS Health,4.1,(1.3k Reviews),Private,11 years old,5k-10k Employees (India)
Sonalika Tractor...,3.9,(1.3k Reviews),Private,53 years old,1k-5k Employees (India)
Tata Technologie...,3.5,(1.3k Reviews),Private,33 years old,5k-10k Employees (India)
café Coffee day,4.1,(1.3k Reviews),Private,26 years old,1k-5k Employees (India)
TVS Sundram Fast...,3.9,(1.3k Reviews),Public,56 years old,5k-10k Employees (India)
Dalmia Bharat Ce...,4.1,(1.3k Reviews),Public,87 years old,1k-5k Employees (India)
Mahindra Holiday...,3.8,(1.3k Reviews),Private,26 years old,1k-5k Employees (India)
Big Bazaar,4.2,(1.3k Reviews),Private,21 years old,10k-50k Employees (India)
Shahi Exports,4.1,(1.3k Reviews),Private,48 years old,1 Lakh+ Employees (India)
Bhushan Power & ...,3.9,(1.3k Reviews),Private,52 years old,501-1k Employees (India)
Mahindra Rural H...,4.2,(1.3k Reviews),Public,15 years old,5k-10k Employees (India)
Johnson Controls,4.0,(2k Reviews),Public,27 years old,5k-10k Employees (India)
Legato Health Te...,4.1,(1.2k Reviews),LLP,5 years old,5k-10k Employees (India)
Lenskart,3.0,(1.2k Reviews),Private,12 years old,1k-5k Employees (India)
Societe Generale,3.9,(1.2k Reviews),Private,22 years old,1k-5k Employees (India)
Ambuja Cements,4.0,(1.2k Reviews),Public,39 years old,5k-10k Employees (India)
Indian Navy,4.6,(1.2k Reviews),Private,72 years old,50k-1 Lakh Employees (India)
Force Motors,3.4,(1.2k Reviews),Public,64 years old,1k-5k Employees (India)
UNO Minda,4.1,(1.2k Reviews),Gurgaon + 57 more,1k-5k Employees (India),
Thomson Reuters,4.3,(1.3k Reviews),Private,28 years old,10k-50k Employees (India)
Brakes India,4.2,(1.2k Reviews),"Chennai,Tamil Nadu + 54 more",1k-5k Employees (India),
3i Infotech,3.7,(1.2k Reviews),Public,29 years old,5k-10k Employees (India)
IGT Solutions,3.6,(1.2k Reviews),Private,24 years old,5k-10k Employees (India)
TVS Credit Servi...,4.3,(1.2k Reviews),Public,14 years old,10k-50k Employees (India)
Wockhardt,4.1,(1.6k Reviews),Public,23 years old,5k-10k Employees (India)
Sobha,4.0,(1.2k Reviews),Public,27 years old,1k-5k Employees (India)
JK Tyres,3.9,(1.2k Reviews),Private,71 years old,1k-5k Employees (India)
Shriram City,4.2,(1.2k Reviews),Public,36 years old,10k-50k Employees (India)
Indiabulls,3.8,(3.9k Reviews),Public,22 years old,10k-50k Employees (India)
Saint-Gobain,4.1,(1.3k Reviews),Private,357 years old,10k-50k Employees (India)
Indus Towers,4.1,(1.2k Reviews),Private,15 years old,1k-5k Employees (India)
Parle Agro,4.3,(1.2k Reviews),Private,38 years old,1k-5k Employees (India)
Whirlpool,4.3,(1.2k Reviews),Public,20 years old,1k-5k Employees (India)
V-mart,4.4,(1.2k Reviews),Public,20 years old,5k-10k Employees (India)
DS Group,4.1,(1.3k Reviews),Private,93 years old,1k-5k Employees (India)
Crompton Greaves,3.9,(1.2k Reviews),Public,85 years old,1k-5k Employees (India)
Shree Cement,4.3,(1.2k Reviews),Public,43 years old,5k-10k Employees (India)
Amara Raja Group,4.2,(1.5k Reviews),Public,37 years old,10k-50k Employees (India)
GVK Emergency Ma...,3.8,(1.2k Reviews),Private,17 years old,10k-50k Employees (India)
GE,4.2,(2.1k Reviews),Private,130 years old,10k-50k Employees (India)
Tech Mahindra Bu...,3.6,(1.2k Reviews),Public,19 years old,1k-5k Employees (India)
GSK Pharmaceutic...,4.3,(1.2k Reviews),Middlesex + 132 more,1k-5k Employees (India),
Reliance SMSL,4.1,(1.2k Reviews),Public,15 years old,1k-5k Employees (India)
Adani Power,4.1,(1.4k Reviews),Public,16 years old,1k-5k Employees (India)
Bharti AXA Life ...,3.9,(1.2k Reviews),Private,16 years old,5k-10k Employees (India)
Datamatics Globa...,3.7,(1.6k Reviews),Public,47 years old,1k-5k Employees (India)
Tata Motors Fina...,4.3,(1.2k Reviews),Private,65 years old,1k-5k Employees (India)
Reliance Trends,4.4,(1.2k Reviews),Private,16 years old,1 Lakh+ Employees (India)
Sterlite Technol...,4.2,(1.1k Reviews),Public,34 years old,5k-10k Employees (India)
Novartis Healthc...,4.1,(1.4k Reviews),Public,26 years old,1k-5k Employees (India)
SRF,4.3,(1.7k Reviews),Public,52 years old,1k-5k Employees (India)
State Street Cor...,3.8,(1.3k Reviews),Private,12 years old,5k-10k Employees (India)
Lodha group,4.2,(1.1k Reviews),Private,42 years old,1k-5k Employees (India)
Delphi TVS,4.0,(1.1k Reviews),Private,33 years old,1k-5k Employees (India)
Quest Global,3.6,(1.1k Reviews),Private,25 years old,10k-50k Employees (India)
Gabriel India,4.3,(1.1k Reviews),Public,61 years old,1k-5k Employees (India)
BT Group,4.3,(2k Reviews),Private,176 years old,5k-10k Employees (India)
Myntra,4.2,(1.1k Reviews),Private,15 years old,1k-5k Employees (India)
ICICI Securities,3.7,(1.1k Reviews),Public,27 years old,5k-10k Employees (India)
Sigma Electric M...,3.9,(1.1k Reviews),Private,40 years old,1k-5k Employees (India)
Yamaha Motor,3.9,(1.2k Reviews),Private,15 years old,1k-5k Employees (India)
IKS Health,3.5,(1.1k Reviews),Private,15 years old,1k-5k Employees (India)
Endurance Techno...,3.8,(1.1k Reviews),Public,37 years old,1k-5k Employees (India)
Hyatt Regency,4.3,(1.1k Reviews),Private,42 years old,1k-5k Employees (India)
Karvy Data Manag...,3.5,(1.1k Reviews),Private,14 years old,1k-5k Employees (India)
Oberoi Group of ...,4.2,(1.1k Reviews),Private,88 years old,1k-5k Employees (India)
Grasim Industrie...,4.2,(7.1k Reviews),Public,75 years old,10k-50k Employees (India)
Future Generali ...,4.0,(1.1k Reviews),Private,15 years old,1k-5k Employees (India)
Kansai Nerolac P...,3.9,(1.1k Reviews),Public,102 years old,1k-5k Employees (India)
AXA Business Ser...,3.9,(1.1k Reviews),Private,27 years old,1k-5k Employees (India)
Mahindra Logisti...,4.2,(1.1k Reviews),Public,22 years old,1k-5k Employees (India)
BlackBuck,4.0,(1.1k Reviews),Private,7 years old,1k-5k Employees (India)
Jet Airways,4.6,(1.1k Reviews),Public,29 years old,10k-50k Employees (India)
Kalpataru Power ...,4.1,(1.1k Reviews),Public,41 years old,1k-5k Employees (India)
Sopra Steria,4.3,(1.1k Reviews),Private,54 years old,1k-5k Employees (India)
Bharat Petroleum,4.1,(1.1k Reviews),Private,70 years old,50k-1 Lakh Employees (India)
Lucas-TVS,4.0,(1.4k Reviews),Private,61 years old,1k-5k Employees (India)
Tata Capital Fin...,4.3,(1.1k Reviews),Public,15 years old,1k-5k Employees (India)
Cadila Pharmaceu...,4.0,(6.2k Reviews),Public,71 years old,5k-10k Employees (India)
MetLife,4.4,(1.1k Reviews),Private,14 years old,5k-10k Employees (India)
Piramal Group,4.1,(1.3k Reviews),Private,42 years old,1k-5k Employees (India)
Coromandel Inter...,4.2,(1.1k Reviews),Public,61 years old,10k-50k Employees (India)
Shell,4.4,(1.1k Reviews),Public,18 years old,5k-10k Employees (India)
CSS Corp,3.7,(1.1k Reviews),Private,26 years old,5k-10k Employees (India)
Info Edge,3.9,(1.7k Reviews),Public,27 years old,5k-10k Employees (India)
BA Continuum,4.4,(1.1k Reviews),Private,19 years old,10k-50k Employees (India)
Paras Hospital,4.6,(1.1k Reviews),Private,16 years old,1k-5k Employees (India)
JCB,4.0,(1.1k Reviews),Private,77 years old,1k-5k Employees (India)
Power Mech Proje...,3.8,(1.1k Reviews),Public,15 years old,1k-5k Employees (India)
Synechron,4.1,(1.4k Reviews),Private,21 years old,5k-10k Employees (India)
Parle Products,4.1,(1.1k Reviews),Private,93 years old,1k-5k Employees (India)
Barclays,4.2,(1.1k Reviews),Private,332 years old,10k-50k Employees (India)
Blinkit,3.8,(1.1k Reviews),Private,9 years old,5k-10k Employees (India)
Cybage,4.0,(1.1k Reviews),Private,27 years old,5k-10k Employees (India)
ValueLabs,3.9,(1.1k Reviews),Private,25 years old,1k-5k Employees (India)
Bureau Veritas,4.0,(1.1k Reviews),Private,194 years old,1k-5k Employees (India)
Taj Hotels Resor...,4.3,(1.1k Reviews),"Mumbai,Maharashtra + 62 more",10k-50k Employees (India),
Aircel,4.4,(1.1k Reviews),Private,23 years old,5k-10k Employees (India)
IDBI Bank,3.8,(1.9k Reviews),Public,58 years old,10k-50k Employees (India)
Cromā,4.4,(1.1k Reviews),Private,16 years old,1k-5k Employees (India)
Syngene Internat...,3.9,(1.1k Reviews),Public,29 years old,1k-5k Employees (India)
Narayana Health,4.3,(1.1k Reviews),"Bangalore/Bengaluru,Karnataka + 49 more",10k-50k Employees (India),
Extramarks Educa...,3.4,(1.1k Reviews),Private,15 years old,1k-5k Employees (India)
CMS Infosystems,3.8,(1k Reviews),Private,14 years old,5k-10k Employees (India)
Aon,4.0,(1.1k Reviews),Private,82 years old,10k-50k Employees (India)
Hindustan Aerona...,4.3,(1k Reviews),Private,82 years old,10k-50k Employees (India)
Yazaki,4.0,(1.2k Reviews),Private,81 years old,10k-50k Employees (India)
Metro,4.2,(1k Reviews),Private,58 years old,1k-5k Employees (India)
WABCO,4.0,(1k Reviews),Public,53 years old,1k-5k Employees (India)
Adani Wilmar,4.2,(1k Reviews),Public,34 years old,1k-5k Employees (India)
Uflex,3.8,(1.1k Reviews),Public,39 years old,1k-5k Employees (India)
XpressBees,4.1,(1k Reviews),Private,7 years old,10k-50k Employees (India)
Foxconn,4.1,(1k Reviews),Private,48 years old,10k-50k Employees (India)
Renault Nissan T...,3.8,(1k Reviews),Chennai + 11 more,,
Square Yards,3.1,(1k Reviews),Private,9 years old,1k-5k Employees (India)
Tata Play,4.2,(1k Reviews),Public,16 years old,1k-5k Employees (India)
RMSI,3.8,(1k Reviews),Private,30 years old,1k-5k Employees (India)
ITC Hotels,4.1,(1.1k Reviews),Public,47 years old,5k-10k Employees (India)
Panasonic,4.1,(1.7k Reviews),Private,104 years old,10k-50k Employees (India)
Dr Lal PathLabs,4.3,(1k Reviews),Public,73 years old,1k-5k Employees (India)
Dell EMC,4.3,(1k Reviews),Private,43 years old,10k-50k Employees (India)
Dainik Bhaskar G...,4.1,(1k Reviews),Public,64 years old,5k-10k Employees (India)
AECOM,4.2,(1k Reviews),Private,32 years old,5k-10k Employees (India)
Bharat Financial...,4.2,(999 Reviews),Public,24 years old,10k-50k Employees (India)
Honeywell Automa...,4.0,(996 Reviews),Public,116 years old,10k-50k Employees (India)
Fujitsu,4.2,(989 Reviews),Private,87 years old,5k-10k Employees (India)
Videocon d2h,3.9,(987 Reviews),Public,13 years old,501-1k Employees (India)
Canara HSBC OBC ...,3.8,(986 Reviews),Public,14 years old,1k-5k Employees (India)
Johnson & Johnso...,4.3,(1k Reviews),Private,65 years old,5k-10k Employees (India)
Karvy Fintech,3.6,(984 Reviews),"Hyderabad/Secunderabad,Telangana + 70 more",201-500 Employees (India),
Reckitt Benckise...,4.1,(982 Reviews),Private,23 years old,1k-5k Employees (India)
Ninjacart,3.6,(980 Reviews),Private,7 years old,1k-5k Employees (India)
Barclays Shared ...,4.3,(977 Reviews),Private,15 years old,5k-10k Employees (India)
Vardhman Fabrics,4.1,(976 Reviews),Baddi + 50 more,,
Akums Drugs & Ph...,4.1,(1.3k Reviews),Private,18 years old,5k-10k Employees (India)
Aragen Life Scie...,4.4,(975 Reviews),Private,22 years old,1k-5k Employees (India)
Hindustan Constr...,4.2,(975 Reviews),Public,96 years old,1k-5k Employees (India)
Aavas Financiers...,4.0,(972 Reviews),Public,11 years old,1k-5k Employees (India)
Sify Technologie...,4.0,(972 Reviews),Private,27 years old,1k-5k Employees (India)
FedEx Express,4.3,(1.2k Reviews),Private,51 years old,5k-10k Employees (India)
Jindal Stainless,4.2,(1k Reviews),Public,52 years old,10k-50k Employees (India)
Max Fashion,4.3,(957 Reviews),Private,8 years old,5k-10k Employees (India)
Sony,4.4,(1.1k Reviews),Public,28 years old,501-1k Employees (India)
Aforeserve,3.6,(956 Reviews),Private,22 years old,1k-5k Employees (India)
Reliance General...,3.9,(955 Reviews),Private,22 years old,10k-50k Employees (India)
Microland,3.8,(954 Reviews),Public,33 years old,1k-5k Employees (India)
Procter & Gamble,4.2,(1.4k Reviews),Public,185 years old,5k-10k Employees (India)
Inox Leisure,4.1,(952 Reviews),Public,23 years old,1k-5k Employees (India)
Northern Trust O...,4.2,(951 Reviews),Private,17 years old,1k-5k Employees (India)
Verizon,4.3,(977 Reviews),Private,22 years old,5k-10k Employees (India)
Zomato,4.0,(949 Reviews),Public,14 years old,10k-50k Employees (India)
Cisco Systems,4.5,(1.1k Reviews),Private,38 years old,10k-50k Employees (India)
First American C...,4.1,(1.3k Reviews),Private,133 years old,1k-5k Employees (India)
Edelweiss,4.0,(944 Reviews),Public,5 years old,5k-10k Employees (India)
Laurus Labs,4.4,(943 Reviews),Public,17 years old,1k-5k Employees (India)
Cavinkare,4.1,(941 Reviews),Private,39 years old,1k-5k Employees (India)
Kent RO Systems,3.7,(941 Reviews),Private,23 years old,1k-5k Employees (India)
Adecco Group,4.0,(941 Reviews),Private,23 years old,1k-5k Employees (India)
DIVI'S Laborator...,3.7,(938 Reviews),Public,32 years old,10k-50k Employees (India)
SRL Diagnostics,4.1,(937 Reviews),Private,27 years old,1k-5k Employees (India)
SAP,4.4,(1.3k Reviews),Private,24 years old,10k-50k Employees (India)
Angel One,4.0,(935 Reviews),Mumbai + 104 more,,
Kotak Securities,3.8,(935 Reviews),Private,28 years old,1k-5k Employees (India)
HERE Technologie...,4.0,(934 Reviews),Private,37 years old,1k-5k Employees (India)
SGS,4.1,(935 Reviews),Private,144 years old,1k-5k Employees (India)
Mother Dairy Fru...,4.2,(931 Reviews),Private,48 years old,1k-5k Employees (India)
Iksula,4.1,(930 Reviews),LLP,15 years old,201-500 Employees (India)
V-Guard Industri...,4.6,(945 Reviews),Public,45 years old,1k-5k Employees (India)
Exl India,3.9,(928 Reviews),New Delhi + 20 more,11-50 Employees (India),
USHA Internation...,4.3,(950 Reviews),Public,88 years old,1k-5k Employees (India)
HCL Technologies...,3.7,(919 Reviews),Private,22 years old,1 Lakh+ Employees (India)
HCL Technologies...,3.7,(919 Reviews),Private,22 years old,1 Lakh+ Employees (India)
Emami,4.0,(1.8k Reviews),Public,48 years old,10k-50k Employees (India)
The Jaypee Group,4.1,(1.7k Reviews),Public,43 years old,10k-50k Employees (India)
Citibank,4.1,(918 Reviews),Private,210 years old,10k-50k Employees (India)
Citicorp,3.8,(918 Reviews),Private,25 years old,10k-50k Employees (India)
DHL Express,4.3,(917 Reviews),Private,43 years old,1k-5k Employees (India)
Narayana Educati...,3.8,(917 Reviews),Private,37 years old,1k-5k Employees (India)
Xoriant,4.4,(916 Reviews),Private,32 years old,1k-5k Employees (India)
CMA CGM,4.1,(1.1k Reviews),Private,44 years old,501-1k Employees (India)
Schindler Group,4.0,(914 Reviews),Private,25 years old,1k-5k Employees (India)
Safexpress,4.2,(1k Reviews),Private,25 years old,1k-5k Employees (India)
G R Infraproject...,4.2,(912 Reviews),Public,27 years old,10k-50k Employees (India)
Ocwen Financial ...,4.2,(912 Reviews),Private,34 years old,1k-5k Employees (India)
Marriott Interna...,4.2,(3k Reviews),Private,95 years old,10k-50k Employees (India)
Intellect Design...,4.1,(908 Reviews),Public,8 years old,1k-5k Employees (India)
Harman Connected...,3.9,(906 Reviews),Private,21 years old,10k-50k Employees (India)
Crisil,3.9,(914 Reviews),Public,35 years old,1k-5k Employees (India)
Philips,4.1,(1.5k Reviews),Private,92 years old,5k-10k Employees (India)
Star Health & Al...,4.0,(903 Reviews),Private,16 years old,10k-50k Employees (India)
NCR Corporation,4.0,(904 Reviews),Private,138 years old,5k-10k Employees (India)
Toyota Kirloskar...,4.3,(899 Reviews),Private,25 years old,5k-10k Employees (India)
Badve Engineerin...,3.9,(898 Reviews),Private,26 years old,1k-5k Employees (India)
Punj Lloyd,4.3,(896 Reviews),Public,40 years old,1k-5k Employees (India)
Medanta the Medi...,4.2,(896 Reviews),Private,13 years old,1k-5k Employees (India)
KFC,4.1,(893 Reviews),Private,70 years old,1k-5k Employees (India)
Bank of Baroda,3.8,(1.3k Reviews),Private,114 years old,10k-50k Employees (India)
Yash Technologie...,4.0,(890 Reviews),Private,26 years old,5k-10k Employees (India)
ElasticRun,3.9,(890 Reviews),Private,6 years old,1k-5k Employees (India)
DBS Bank,3.9,(890 Reviews),Private,7 years old,1k-5k Employees (India)
Medi Assist Indi...,3.8,(889 Reviews),Private,22 years old,1k-5k Employees (India)
KONE,4.2,(889 Reviews),Private,38 years old,1k-5k Employees (India)
iOPEX Technologi...,4.1,(913 Reviews),Private,13 years old,1k-5k Employees (India)
Care Health Insu...,4.0,(886 Reviews),Public,10 years old,5k-10k Employees (India)
FactSet,3.9,(886 Reviews),Private,15 years old,1k-5k Employees (India)
Sitel,4.0,(1k Reviews),Private,37 years old,1k-5k Employees (India)
USV,4.1,(879 Reviews),Private,61 years old,1k-5k Employees (India)
SLK Global Servi...,3.9,(878 Reviews),Private,22 years old,51-200 Employees (India)
BT Global Servic...,4.3,(875 Reviews),Private,22 years old,1k-5k Employees (India)
TCE,3.7,(874 Reviews),Private,60 years old,1k-5k Employees (India)
Innovsource Serv...,4.1,(874 Reviews),Private,18 years old,1k-5k Employees (India)
Nayara Energy,4.2,(873 Reviews),Private,33 years old,1k-5k Employees (India)
Amazon Transport...,4.2,(15.2k Reviews),Private,10 years old,1k-5k Employees (India)
Motherson Automo...,3.9,(3.5k Reviews),Private,25 years old,501-1k Employees (India)
NTPC,4.1,(1.4k Reviews),Private,47 years old,10k-50k Employees (India)
Torrent Power,3.8,(884 Reviews),Public,26 years old,1k-5k Employees (India)
Tesco,4.2,(945 Reviews),Private,103 years old,1k-5k Employees (India)
Orange Business ...,4.3,(867 Reviews),Private,16 years old,1k-5k Employees (India)
L.G.Balakrishnan...,3.9,(866 Reviews),Public,85 years old,1k-5k Employees (India)
VLCC,4.0,(866 Reviews),Private,33 years old,1k-5k Employees (India)
ISS Facility Ser...,4.3,(866 Reviews),Private,17 years old,50k-1 Lakh Employees (India)
Honeywell Techno...,3.9,(865 Reviews),Private,28 years old,10k-50k Employees (India)
Allsec Technolog...,3.7,(864 Reviews),Public,22 years old,1k-5k Employees (India)
Satin Creditcare...,4.2,(860 Reviews),Public,32 years old,5k-10k Employees (India)
Faurecia,4.0,(858 Reviews),Private,25 years old,1k-5k Employees (India)
Biological E,4.3,(857 Reviews),Private,69 years old,1k-5k Employees (India)
Relaxo Footwear,4.1,(857 Reviews),Public,46 years old,1k-5k Employees (India)
Hindustan Petrol...,4.4,(854 Reviews),Public,48 years old,5k-10k Employees (India)
Akzo Nobel India,4.2,(853 Reviews),Public,83 years old,1k-5k Employees (India)
Tata Elxsi,4.1,(853 Reviews),Public,33 years old,5k-10k Employees (India)
Varroc Group,3.7,(965 Reviews),Public,34 years old,1k-5k Employees (India)
Mercedes-Benz Re...,4.0,(850 Reviews),Public,26 years old,5k-10k Employees (India)
HDFC Securities,3.7,(848 Reviews),Public,22 years old,1k-5k Employees (India)
ISGEC,3.9,(848 Reviews),Public,89 years old,1k-5k Employees (India)
Vedantu,3.5,(848 Reviews),Private,11 years old,5k-10k Employees (India)
Serco,4.2,(844 Reviews),Private,34 years old,5k-10k Employees (India)
Consolidated Con...,4.6,(844 Reviews),Public,70 years old,1k-5k Employees (India)
Trident Group,3.9,(839 Reviews),Public,32 years old,1k-5k Employees (India)
J. Kumar Infrapr...,4.1,(838 Reviews),Public,42 years old,5k-10k Employees (India)
Mercer,3.9,(836 Reviews),Private,77 years old,1k-5k Employees (India)
Vfs Global Servi...,3.7,(835 Reviews),Private,21 years old,1k-5k Employees (India)
MSN Laboratories,3.6,(833 Reviews),Private,19 years old,1k-5k Employees (India)
Bharat Forge,3.9,(832 Reviews),Public,61 years old,1k-5k Employees (India)
GMR Group,4.2,(1.6k Reviews),Public,44 years old,5k-10k Employees (India)
Hero FinCorp,4.3,(827 Reviews),Private,31 years old,1k-5k Employees (India)
Jubilant Foods W...,3.8,(826 Reviews),Public,27 years old,10k-50k Employees (India)
Fincare Small Fi...,4.0,(824 Reviews),Bangalore + 203 more,5k-10k Employees (India),
Vertex Customer ...,3.6,(821 Reviews),Private,12 years old,5k-10k Employees (India)
TVS Logistics Se...,4.1,(937 Reviews),Private,18 years old,1k-5k Employees (India)
L&T Energy Hydro...,3.9,(817 Reviews),Private,13 years old,5k-10k Employees (India)
Trent,4.3,(815 Reviews),Public,24 years old,1k-5k Employees (India)
Aditya Birla Cap...,4.1,(815 Reviews),Public,15 years old,10k-50k Employees (India)
Bayer,4.3,(1k Reviews),Public,159 years old,10k-50k Employees (India)
Gannon Dunkerley,4.0,(812 Reviews),Private,98 years old,1k-5k Employees (India)
Saipem,4.1,(811 Reviews),Private,65 years old,1k-5k Employees (India)
NIIT,3.8,(811 Reviews),Public,1k-5k Employees (India),
DHL Supply Chain,4.3,(810 Reviews),Private,53 years old,1k-5k Employees (India)
Fabindia,4.1,(810 Reviews),Private,64 years old,1k-5k Employees (India)
Cinépolis,4.4,(809 Reviews),Morelia + 45 more,1k-5k Employees (India),
Pantaloons,4.3,(808 Reviews),Public,25 years old,10k-50k Employees (India)
Unisys,3.9,(803 Reviews),Private,35 years old,1k-5k Employees (India)
Heritage Foods ...,4.1,(803 Reviews),Public,30 years old,501-1k Employees (India)
Essar Steel,3.9,(802 Reviews),Private,46 years old,1k-5k Employees (India)
XcelServ Solutio...,4.7,(801 Reviews),Private,11 years old,501-1k Employees (India)
ZS,3.8,(801 Reviews),Private,39 years old,5k-10k Employees (India)
Indiabulls Home ...,4.0,(800 Reviews),"Gurgaon/Gurugram,Haryana + 105 more",5k-10k Employees (India),
Bata,4.1,(798 Reviews),Public,91 years old,1k-5k Employees (India)
Marico,4.1,(1.2k Reviews),Public,32 years old,1k-5k Employees (India)
Aptara,3.4,(795 Reviews),Private,34 years old,1k-5k Employees (India)
Coforge,3.8,(795 Reviews),Public,10k-50k Employees (India),
Welspun,4.1,(793 Reviews),Private,37 years old,5k-10k Employees (India)
Swaraj Tractors,4.3,(793 Reviews),"Mumbai,Maharashtra + 96 more",501-1k Employees (India),
Indiabulls Consu...,3.9,(792 Reviews),Public,28 years old,10k-50k Employees (India)
Daimler India Co...,4.2,(789 Reviews),Private,136 years old,1k-5k Employees (India)
Security and Int...,4.3,(789 Reviews),Public,37 years old,1 Lakh+ Employees (India)
Lumax Industries,4.0,(784 Reviews),Public,77 years old,501-1k Employees (India)
Altisource,3.8,(781 Reviews),Private,15 years old,1k-5k Employees (India)
DENSO,4.1,(852 Reviews),Public,75 years old,501-1k Employees (India)
Amity University,3.8,(777 Reviews),Private,17 years old,1k-5k Employees (India)
Jindal Saw,4.1,(776 Reviews),Public,38 years old,5k-10k Employees (India)
Sharekhan,4.1,(776 Reviews),Public,22 years old,5k-10k Employees (India)
Sanofi,4.5,(922 Reviews),Public,18 years old,1k-5k Employees (India)
Straive,3.8,(774 Reviews),Private,42 years old,1k-5k Employees (India)
JW Marriott,4.3,(773 Reviews),Private,95 years old,1k-5k Employees (India)
Sysnet Global Te...,3.8,(773 Reviews),Private,23 years old,1k-5k Employees (India)
IDC Technologies,3.5,(771 Reviews),Private,19 years old,1k-5k Employees (India)
Suguna Foods,4.1,(771 Reviews),Private,38 years old,5k-10k Employees (India)
Petrofac,4.4,(1.4k Reviews),Private,31 years old,1k-5k Employees (India)
Aricent,3.7,(768 Reviews),Private,40 years old,5k-10k Employees (India)
Tikona Infinet,3.8,(767 Reviews),Private,14 years old,1k-5k Employees (India)
Oracle Financial...,3.8,(766 Reviews),Public,32 years old,50k-1 Lakh Employees (India)
SBI General Insu...,4.0,(765 Reviews),JV,13 years old,1k-5k Employees (India)
SBICAP Securitie...,3.8,(763 Reviews),Public,16 years old,1k-5k Employees (India)
Spicejet,3.6,(762 Reviews),Public,18 years old,5k-10k Employees (India)
Frankfinn Instit...,3.9,(762 Reviews),Private,29 years old,1k-5k Employees (India)
Steel Strips Whe...,3.8,(760 Reviews),Public,37 years old,5k-10k Employees (India)
Haier Appliances...,3.9,(758 Reviews),Private,18 years old,1k-5k Employees (India)
Intex Technologi...,3.9,(757 Reviews),Public,26 years old,1k-5k Employees (India)
Chegg,4.4,(757 Reviews),Private,17 years old,5k-10k Employees (India)
Paisabazaar.com,3.9,(757 Reviews),Private,11 years old,1k-5k Employees (India)
SKF,4.0,(754 Reviews),Public,99 years old,1k-5k Employees (India)
Team Computers,3.7,(754 Reviews),Private,35 years old,1k-5k Employees (India)
Indian Railways,4.1,(2.5k Reviews),Govt Organisation,169 years old,1 Lakh+ Employees (India)
Gland Pharma,4.1,(1.3k Reviews),Private,44 years old,1k-5k Employees (India)
Collabera Techno...,3.6,(753 Reviews),Private,31 years old,1k-5k Employees (India)
ESAF Microfinanc...,3.8,(750 Reviews),Private,6 years old,1k-5k Employees (India)
Cushman & Wakefi...,4.4,(748 Reviews),Private,25 years old,1k-5k Employees (India)
Volkswagen,4.2,(1.4k Reviews),Private,21 years old,10k-50k Employees (India)
iQor Global Serv...,3.9,(745 Reviews),Private,24 years old,1k-5k Employees (India)
TATA Power,4.2,(1.4k Reviews),Public,111 years old,5k-10k Employees (India)
SS&C TECHNOLOGIE...,3.8,(993 Reviews),Private,22 years old,1k-5k Employees (India)
Cerner,4.0,(737 Reviews),Public,43 years old,1k-5k Employees (India)
PhonePe,4.1,(853 Reviews),Private,7 years old,5k-10k Employees (India)
ITD Cementation ...,4.3,(735 Reviews),Public,91 years old,1k-5k Employees (India)
Krishna Maruti,4.1,(732 Reviews),Private,28 years old,1k-5k Employees (India)
Tata Communicati...,4.2,(732 Reviews),Private,16 years old,10k-50k Employees (India)
FDC,4.0,(731 Reviews),Public,82 years old,1k-5k Employees (India)
Computer Age Man...,3.9,(731 Reviews),Private,34 years old,1k-5k Employees (India)
AGS Transact Tec...,3.7,(730 Reviews),Private,20 years old,10k-50k Employees (India)
Ashoka Buildcon,4.2,(729 Reviews),Public,46 years old,1k-5k Employees (India)
SYSKA LED Lights,3.6,(729 Reviews),Private,10 years old,1k-5k Employees (Global)
Fino Payments Ba...,4.3,(729 Reviews),Private,16 years old,1k-5k Employees (India)
Adani Ports and ...,4.0,(727 Reviews),Public,24 years old,1k-5k Employees (India)
Daikin,4.2,(727 Reviews),Private,22 years old,1k-5k Employees (India)
Exotic Learning,4.8,(726 Reviews),Private,2 years old,51-200 Employees (India)
24-7 Intouch,3.2,(726 Reviews),Private,21 years old,1k-5k Employees (India)
Standard Charter...,4.0,(725 Reviews),Private,21 years old,10k-50k Employees (India)
Aadhar Housing F...,4.2,(724 Reviews),Private,12 years old,1k-5k Employees (India)
PI Industries,4.1,(723 Reviews),Public,75 years old,1k-5k Employees (India)
Manipal Hospita...,4.3,(723 Reviews),Private,69 years old,5k-10k Employees (India)
DISH TV,3.8,(1.8k Reviews),Public,19 years old,1k-5k Employees (India)
ECIL,4.2,(720 Reviews),Public,55 years old,1k-5k Employees (India)
Asahi India Glas...,3.9,(719 Reviews),Public,38 years old,1k-5k Employees (India)
Fresenius,4.0,(718 Reviews),Public,23 years old,1k-5k Employees (India)
Haldiram Foods,3.9,(815 Reviews),Private,52 years old,501-1k Employees (India)
Compass Group S...,4.1,(773 Reviews),Public,81 years old,10k-50k Employees (India)
Cargill,4.3,(715 Reviews),Private,157 years old,1k-5k Employees (India)
Alstom Transport...,4.0,(715 Reviews),Private,94 years old,10k-50k Employees (India)
Synchrony,4.4,(715 Reviews),Private,19 years old,1k-5k Employees (India)
Devyani Internat...,3.7,(713 Reviews),Public,31 years old,5k-10k Employees (India)
Jubilant Pharmov...,4.1,(713 Reviews),Public,44 years old,1k-5k Employees (India)
Shriram Pistons ...,4.2,(712 Reviews),Public,59 years old,1k-5k Employees (India)
Broadridge Finan...,4.0,(712 Reviews),Private,15 years old,1k-5k Employees (India)
BVG India,3.9,(711 Reviews),Private,25 years old,1k-5k Employees (India)
NSE.IT,3.7,(711 Reviews),Public,23 years old,201-500 Employees (India)
XL Dynamics,3.7,(709 Reviews),Private,20 years old,1k-5k Employees (India)
Granules India,4.1,(708 Reviews),Public,38 years old,1k-5k Employees (India)
Allstate,4.3,(708 Reviews),Private,10 years old,1k-5k Employees (India)
Godrej Group,4.0,(5.1k Reviews),Public,125 years old,10k-50k Employees (India)
NSH,3.7,(706 Reviews),Private,44 years old,501-1k Employees (India)
Nielsen,4.0,(878 Reviews),Private,99 years old,1k-5k Employees (India)
Indoco Remedies,3.8,(703 Reviews),Public,75 years old,1k-5k Employees (India)
Bajaj Motors,3.8,(703 Reviews),Private,36 years old,5k-10k Employees (India)
Iffco Tokio Gene...,4.2,(702 Reviews),Private,22 years old,1k-5k Employees (India)
Mondelez Interna...,4.5,(1.1k Reviews),Private,10 years old,1k-5k Employees (India)
GAIL,4.3,(1.1k Reviews),Private,38 years old,1k-5k Employees (India)
Bharat Sanchar N...,4.0,(701 Reviews),Private,22 years old,50k-1 Lakh Employees (India)
Rane TRW Steerin...,4.1,(700 Reviews),JV,35 years old,501-1k Employees (India)
Columbia Asia,4.3,(700 Reviews),Private,17 years old,1k-5k Employees (India)
KIA MOTORS,3.8,(699 Reviews),Private,78 years old,10k-50k Employees (India)
Bajaj Capital,3.8,(972 Reviews),Public,58 years old,1k-5k Employees (India)
TTEC India,4.1,(704 Reviews),Public,40 years old,50k-1 Lakh Employees (India)
HTC Global Servi...,3.8,(696 Reviews),Private,32 years old,1k-5k Employees (India)
Sahara India Par...,4.0,(1.2k Reviews),Private,44 years old,1k-5k Employees (India)
Luminous Power T...,4.2,(692 Reviews),Private,34 years old,1k-5k Employees (India)
MiraMed Ajuba,4.1,(692 Reviews),Private,21 years old,1k-5k Employees (India)
Max Bupa Health ...,3.9,(691 Reviews),Private,14 years old,1k-5k Employees (India)
Microsoft Corpor...,4.3,(772 Reviews),Private,47 years old,1k-5k Employees (India)
Oil And Natural ...,4.4,(1.6k Reviews),Public,66 years old,10k-50k Employees (India)
Johnson Lifts,4.1,(687 Reviews),Private,41 years old,501-1k Employees (India)
Bisleri,4.2,(687 Reviews),Private,57 years old,1k-5k Employees (India)
Apotex Research,4.5,(686 Reviews),Private,19 years old,1k-5k Employees (India)
Unichem Laborato...,4.1,(685 Reviews),Public,78 years old,1k-5k Employees (India)
Spencer's Retail,4.1,(683 Reviews),Public,159 years old,1k-5k Employees (India)
Honda Cars,4.2,(678 Reviews),Greater Noida + 60 more,,
BGR Energy Syste...,3.9,(684 Reviews),Public,37 years old,1k-5k Employees (India)
Piaggio,3.9,(675 Reviews),Private,138 years old,1k-5k Employees (India)
Ab Inbev,3.8,(674 Reviews),Public,34 years old,1k-5k Employees (India)
Meesho,3.9,(671 Reviews),Private,7 years old,1k-5k Employees (India)
Lemon Tree Hotel...,4.2,(668 Reviews),Public,20 years old,1k-5k Employees (India)
Strides Pharma,4.1,(666 Reviews),Public,32 years old,1k-5k Employees (India)
Kendriya Vidyala...,4.3,(666 Reviews),Public,59 years old,10k-50k Employees (India)
Tata Chemicals,4.3,(1.4k Reviews),Public,84 years old,1k-5k Employees (India)
Orion Edutech,3.2,(665 Reviews),Private,16 years old,5k-10k Employees (India)
CitiusTech,4.1,(662 Reviews),Private,17 years old,5k-10k Employees (India)
Wind World,4.0,(661 Reviews),Private,28 years old,5k-10k Employees (India)
Vistaar Finance,4.4,(661 Reviews),Private,12 years old,1k-5k Employees (India)
Hero Motors,4.2,(4k Reviews),Private,24 years old,5k-10k Employees (India)
TDK,3.9,(658 Reviews),Private,87 years old,1k-5k Employees (India)
Fidelity Nationa...,3.9,(656 Reviews),Private,175 years old,1k-5k Employees (India)
Annapurna Financ...,4.2,(656 Reviews),Private,13 years old,5k-10k Employees (India)
Bosch Chassis Sy...,4.3,(654 Reviews),Private,71 years old,501-1k Employees (India)
Amneal Pharmaceu...,4.3,(783 Reviews),Private,20 years old,1k-5k Employees (India)
NoBroker,3.9,(655 Reviews),Private,8 years old,1k-5k Employees (India)
BNP Paribas,4.0,(1.6k Reviews),Private,174 years old,10k-50k Employees (India)
Atul,3.9,(651 Reviews),Public,75 years old,1k-5k Employees (India)
Karvy Stock Brok...,3.5,(648 Reviews),Private,32 years old,1k-5k Employees (India)
Arthur J. Gallag...,4.0,(647 Reviews),Private,20 years old,1k-5k Employees (India)
iSON Xperiences,3.5,(646 Reviews),Private,11 years old,5k-10k Employees (India)
Feedback Infrast...,3.9,(886 Reviews),Private,32 years old,1k-5k Employees (India)
PNB Housing Fina...,4.1,(640 Reviews),Public,34 years old,1k-5k Employees (India)
Nuvoco Vistas,4.3,(639 Reviews),Private,23 years old,1k-5k Employees (India)
Siemens Gamesa R...,4.3,(638 Reviews),Private,46 years old,1k-5k Employees (India)
GAMMON INDIA,4.0,(901 Reviews),Public,100 years old,11-50 Employees (India)
Taurus BPO Serv...,4.9,(637 Reviews),LLP,11 years old,1k-5k Employees (India)
Aye Finance,4.4,(637 Reviews),Private,9 years old,1k-5k Employees (India)
Evalueserve,3.8,(636 Reviews),Private,22 years old,1k-5k Employees (India)
Toppr,3.3,(636 Reviews),Private,9 years old,501-1k Employees (India)
Valeo,3.9,(635 Reviews),Private,99 years old,5k-10k Employees (India)
Technip,4.0,(635 Reviews),Private,5 years old,1k-5k Employees (India)
Medhaj Techno Co...,4.3,(634 Reviews),Private,15 years old,1k-5k Employees (India)
TK Elevator,4.1,(1.3k Reviews),Private,27 years old,1k-5k Employees (India)
Infinite Compute...,4.0,(630 Reviews),Public,21 years old,1k-5k Employees (India)
Mando Automotive,4.1,(629 Reviews),Private,16 years old,1k-5k Employees (India)
DCM Shriram,4.2,(668 Reviews),Public,32 years old,1k-5k Employees (India)
Polycab Wires,4.0,(628 Reviews),Private,26 years old,1k-5k Employees (India)
Continental Auto...,4.2,(628 Reviews),Private,151 years old,5k-10k Employees (India)
FastInfo,4.7,(910 Reviews),Private,3 years old,501-1k Employees (India)
Unacademy,3.3,(726 Reviews),Private,7 years old,1k-5k Employees (India)
V2 Retail,3.4,(627 Reviews),Public,21 years old,501-1k Employees (India)
CRB Tech Solutio...,4.3,(627 Reviews),Private,21 years old,501-1k Employees (India)
TUV SUD,4.1,(627 Reviews),Private,156 years old,1k-5k Employees (India)
Caterpillar Inc,4.3,(804 Reviews),Private,97 years old,5k-10k Employees (India)
ICICI Home Finan...,3.9,(626 Reviews),Private,23 years old,1k-5k Employees (India)
Spicer India,4.4,(625 Reviews),Private,29 years old,1k-5k Employees (India)
Podar Internatio...,4.4,(625 Reviews),Private,95 years old,5k-10k Employees (India)
UBS,3.8,(624 Reviews),Private,7 years old,1k-5k Employees (India)
Ceasefire Indust...,3.3,(624 Reviews),Private,20 years old,1k-5k Employees (India)
Burger King,3.9,(623 Reviews),Private,8 years old,1k-5k Employees (India)
Automotive Manuf...,4.0,(621 Reviews),Private,74 years old,1k-5k Employees (India)
Egis  India Cons...,4.2,(620 Reviews),Private,17 years old,1k-5k Employees (India)
Telenor,4.4,(647 Reviews),Private,13 years old,1k-5k Employees (India)
Vestas,4.2,(619 Reviews),Private,26 years old,1k-5k Employees (India)
SNC-Lavalin,4.3,(950 Reviews),Public,111 years old,501-1k Employees (India)
ANZ Banking Grou...,4.2,(791 Reviews),"Melbourne,Victoria + 12 more",5k-10k Employees (India),
Next Education I...,3.8,(615 Reviews),Private,15 years old,1k-5k Employees (India)
Nirma,4.4,(613 Reviews),Private,32 years old,10k-50k Employees (India)
Supreme Industri...,4.1,(669 Reviews),Public,80 years old,10k-50k Employees (India)
Hathway,3.9,(611 Reviews),Private,63 years old,1k-5k Employees (India)
Viraj Profiles,3.8,(610 Reviews),Private,22 years old,1k-5k Employees (India)
Dhoot Transmissi...,3.5,(609 Reviews),Private,24 years old,201-500 Employees (India)
Thomas Cook,3.9,(608 Reviews),Public,141 years old,501-1k Employees (India)
Barbeque Nation,4.2,(608 Reviews),Private,16 years old,5k-10k Employees (India)
Alstom,4.0,(606 Reviews),Private,94 years old,5k-10k Employees (India)
JK Lakshmi Cemen...,4.3,(645 Reviews),Public,40 years old,1k-5k Employees (India)
Godrej Consumer ...,4.3,(605 Reviews),Public,21 years old,1k-5k Employees (India)
AstraZeneca,4.2,(605 Reviews),Public,23 years old,1k-5k Employees (India)
Jindal X,3.3,(605 Reviews),Public,24 years old,501-1k Employees (India)
Xiaomi,4.1,(604 Reviews),Private,12 years old,10k-50k Employees (India)
Kirloskar Oil En...,4.0,(603 Reviews),Public,76 years old,1k-5k Employees (India)
Schaeffler India,4.3,(603 Reviews),Public,76 years old,1k-5k Employees (India)
Spandana Sphoort...,3.5,(603 Reviews),Public,24 years old,5k-10k Employees (India)
ManpowerGroup,4.1,(602 Reviews),Private,25 years old,1k-5k Employees (India)
Fluor Daniel Ind...,4.0,(602 Reviews),Private,110 years old,501-1k Employees (India)
Mahindra CIE Aut...,3.9,(602 Reviews),Public,23 years old,501-1k Employees (India)
CADD Centre Trai...,4.0,(600 Reviews),Private,34 years old,501-1k Employees (India)
Apollo Pharmacy,3.8,(599 Reviews),Private,39 years old,10k-50k Employees (India)
Parexel Internat...,4.2,(599 Reviews),Private,40 years old,5k-10k Employees (India)
Suryoday Small F...,3.9,(599 Reviews),Private,14 years old,1k-5k Employees (India)
THE LEELA PALACE...,4.2,(599 Reviews),Private,39 years old,1k-5k Employees (India)
Eaton Corporatio...,4.1,(598 Reviews),Public,111 years old,5k-10k Employees (India)
VIP Industries,4.0,(596 Reviews),Public,51 years old,1k-5k Employees (India)
Coca-Cola Compan...,4.4,(2.8k Reviews),Private,136 years old,10k-50k Employees (India)
Slk Software Ser...,3.7,(595 Reviews),Private,22 years old,1k-5k Employees (India)
Ruchi Soya Indus...,4.1,(595 Reviews),Public,36 years old,5k-10k Employees (India)
Aarvee Associate...,3.9,(594 Reviews),Private,33 years old,1k-5k Employees (India)
Pine Labs,4.2,(594 Reviews),Private,24 years old,1k-5k Employees (India)
Nilkamal,3.9,(670 Reviews),Public,41 years old,1k-5k Employees (India)
TE Connectivity,4.2,(591 Reviews),Private,15 years old,1k-5k Employees (India)
Thyrocare Techno...,3.3,(591 Reviews),Public,26 years old,1k-5k Employees (India)
Micromax Informa...,3.9,(849 Reviews),Private,22 years old,1k-5k Employees (India)
VVDN Technologie...,3.7,(590 Reviews),Private,15 years old,1k-5k Employees (India)
Medlife,3.6,(589 Reviews),Private,8 years old,1k-5k Employees (India)
1point1 Solution...,3.3,(588 Reviews),Public,14 years old,5k-10k Employees (India)
Reliance Capital,4.0,(3.8k Reviews),Public,17 years old,1k-5k Employees (India)
Future Supply Ch...,4.3,(587 Reviews),Public,16 years old,1k-5k Employees (India)
OM Logistics,4.1,(586 Reviews),Private,23 years old,1k-5k Employees (India)
C.R.I. Pumps,3.9,(585 Reviews),Private,61 years old,1k-5k Employees (India)
GlaxoSmithKline ...,4.4,(1.8k Reviews),Public,22 years old,501-1k Employees (India)
Acme Cleantech S...,3.9,(584 Reviews),Private,19 years old,1k-5k Employees (India)
IndiaFirst Life ...,4.3,(584 Reviews),Private,13 years old,1k-5k Employees (India)
Shriram Life Ins...,4.1,(582 Reviews),Private,17 years old,50k-1 Lakh Employees (India)
PNC Infratech,4.0,(580 Reviews),Public,23 years old,5k-10k Employees (India)
Newgen Software ...,3.6,(580 Reviews),Public,30 years old,1k-5k Employees (India)
MDIndia Health I...,4.0,(579 Reviews),Private,22 years old,1k-5k Employees (India)
Sandvik Asia,4.3,(579 Reviews),Private,160 years old,1k-5k Employees (India)
Nexa,4.1,(578 Reviews),Private,7 years old,1k-5k Employees (India)
Apco Infratech,4.0,(577 Reviews),Private,30 years old,1k-5k Employees (India)
Hatsun Agro Prod...,4.2,(575 Reviews),Public,52 years old,1k-5k Employees (India)
INDUSIND MARKETI...,4.2,(575 Reviews),Private,20 years old,501-1k Employees (India)
Shubham Housing ...,4.2,(574 Reviews),Private,12 years old,1k-5k Employees (India)
Sri Chaitanya Ed...,3.9,(573 Reviews),Private,36 years old,51-200 Employees (India)
Yashoda Hospital...,3.8,(573 Reviews),Private,33 years old,501-1k Employees (India)
Ivrcl Infrastruc...,4.4,(573 Reviews),Public,35 years old,1k-5k Employees (India)
Hinduja Leyland ...,4.1,(573 Reviews),Private,16 years old,1k-5k Employees (India)
Infogain,3.9,(573 Reviews),Private,32 years old,1k-5k Employees (India)
Altran Technolog...,3.7,(915 Reviews),Private,40 years old,10k-50k Employees (India)
Clover Infotech,3.8,(572 Reviews),Private,28 years old,1k-5k Employees (India)
Novo Nordisk,4.0,(571 Reviews),Private,99 years old,1k-5k Employees (India)
Credit Suisse,4.0,(570 Reviews),Private,166 years old,10k-50k Employees (India)
Rockman Industri...,3.7,(567 Reviews),Private,62 years old,1k-5k Employees (India)
Colgate Palmoliv...,4.3,(567 Reviews),Public,85 years old,1k-5k Employees (India)
Hyundai Mobis,3.8,(567 Reviews),Private,5 years old,51-200 Employees (India)
Pramerica Life I...,3.9,(567 Reviews),Private,8 years old,501-1k Employees (India)
Capacit'e Infrap...,3.8,(595 Reviews),Public,10 years old,1k-5k Employees (India)
Bestseller Retai...,4.4,(565 Reviews),Private,13 years old,501-1k Employees (India)
Sansera Engineer...,4.2,(565 Reviews),Public,36 years old,501-1k Employees (India)
Galfar,4.2,(565 Reviews),Private,50 years old,501-1k Employees (India)
Bharti Infratel,4.4,(564 Reviews),Public,16 years old,1k-5k Employees (India)
Sundaram Finance,4.3,(563 Reviews),Public,68 years old,1k-5k Employees (India)
Duck Creek,4.7,(563 Reviews),LLP,22 years old,501-1k Employees (India)
Paytm Payments B...,3.9,(563 Reviews),Public,6 years old,1k-5k Employees (India)
Samsung Engineer...,4.3,(562 Reviews),Private,16 years old,1k-5k Employees (India)
FLSmidth,3.8,(561 Reviews),Private,140 years old,1k-5k Employees (India)
Marks & Spencer,4.5,(561 Reviews),Private,138 years old,1k-5k Employees (India)
Gujarat Fluoroch...,4.2,(560 Reviews),Private,35 years old,1k-5k Employees (India)
Tata steel BSL,4.0,(559 Reviews),Public,35 years old,10k-50k Employees (India)
Centum Electroni...,3.9,(556 Reviews),Public,28 years old,1k-5k Employees (India)
Pizza Hut,4.1,(556 Reviews),Private,64 years old,1k-5k Employees (India)
Pricol,3.9,(630 Reviews),Public,47 years old,1k-5k Employees (India)
Greaves Cotton,4.2,(555 Reviews),Public,163 years old,1k-5k Employees (India)
C&S Electric,3.9,(555 Reviews),Private,56 years old,5k-10k Employees (India)
Gmmco,4.2,(555 Reviews),Private,55 years old,1k-5k Employees (India)
Perfetti Van Mel...,4.3,(555 Reviews),Private,21 years old,1k-5k Employees (India)
Optum Global Sol...,4.0,(555 Reviews),Hyderabad/Secunderabad + 7 more,,
Indiabulls Ventu...,3.4,(555 Reviews),Public,27 years old,1k-5k Employees (India)
JSW Cement,4.0,(555 Reviews),Private,13 years old,1k-5k Employees (India)
Vibgyor High Sch...,3.9,(554 Reviews),Private,18 years old,1k-5k Employees (India)
FirstCry,3.8,(554 Reviews),Private,12 years old,1k-5k Employees (India)
LOREAL,4.3,(584 Reviews),Private,31 years old,1k-5k Employees (India)
SAI Life Science...,3.9,(553 Reviews),Public,23 years old,1k-5k Employees (India)
INDO-MIM,4.3,(552 Reviews),Private,24 years old,1k-5k Employees (India)
Punjab National ...,4.1,(552 Reviews),Private,128 years old,50k-1 Lakh Employees (India)
Altruist Technol...,3.1,(551 Reviews),Private,17 years old,51-200 Employees (India)
Unicharm,4.3,(551 Reviews),Private,61 years old,1k-5k Employees (India)
Fareportal,3.3,(551 Reviews),Private,20 years old,1k-5k Employees (India)
Kirloskar Brothe...,4.1,(585 Reviews),Public,134 years old,1k-5k Employees (India)
Edelweiss Tokio ...,4.0,(548 Reviews),"Mumbai,Maharashtra + 96 more",1k-5k Employees (India),
Panacea Biotec,4.0,(551 Reviews),Public,38 years old,1k-5k Employees (India)
Eureka Outsourci...,3.3,(547 Reviews),Private,20 years old,1k-5k Employees (India)
Aviva Life Insur...,3.9,(547 Reviews),JV,326 years old,1k-5k Employees (India)
Tenneco,3.8,(546 Reviews),Private,82 years old,1k-5k Employees (India)
Finolex Cables,3.9,(545 Reviews),Public,66 years old,5k-10k Employees (India)
KEI Industries,4.0,(545 Reviews),Public,54 years old,1k-5k Employees (India)
Bechtel,4.1,(545 Reviews),Private,124 years old,1k-5k Employees (India)
eClinicalWorks,4.2,(545 Reviews),Private,23 years old,1k-5k Employees (India)
Hindustan Zinc,3.8,(544 Reviews),Public,56 years old,1k-5k Employees (India)
Mahindra First C...,4.0,(543 Reviews),Private,28 years old,501-1k Employees (India)
Hindustan Sanita...,4.1,(541 Reviews),Public,62 years old,501-1k Employees (India)
Mswipe Technolog...,3.1,(540 Reviews),Private,11 years old,1k-5k Employees (India)
Ion Exchange Ind...,3.8,(540 Reviews),Public,58 years old,1k-5k Employees (India)
Magna Infotech,3.4,(539 Reviews),Private,25 years old,1k-5k Employees (India)
Kinara Capital,4.6,(539 Reviews),Private,11 years old,1k-5k Employees (India)
Apollo Munich He...,3.9,(538 Reviews),Public,15 years old,1k-5k Employees (India)
RBL FinServe,4.2,(538 Reviews),Private,17 years old,5k-10k Employees (India)
Planet Spark,3.5,(538 Reviews),Private,5 years old,51-200 Employees (India)
S&P Global Marke...,4.2,(537 Reviews),Private,113 years old,5k-10k Employees (India)
Schlumberger,4.3,(545 Reviews),Private,14 years old,5k-10k Employees (India)
Olam,4.1,(536 Reviews),Public,33 years old,1k-5k Employees (India)
Carnival Cruise ...,4.6,(536 Reviews),Public,50 years old,1k-5k Employees (India)
DAV Public Schoo...,4.1,(534 Reviews),Private,136 years old,1 Lakh+ Employees (India)
Future Focus Inf...,3.6,(534 Reviews),Private,25 years old,1k-5k Employees (India)
Morgan Stanley,4.1,(534 Reviews),Private,91 years old,5k-10k Employees (India)
Electrosteel Ste...,4.1,(532 Reviews),Public,16 years old,501-1k Employees (India)
Trimax IT Infras...,3.4,(531 Reviews),Private,27 years old,1k-5k Employees (India)
Fidelity Investm...,4.4,(531 Reviews),Private,76 years old,5k-10k Employees (India)
Automatic Data P...,4.3,(532 Reviews),New Jersey + 3 more,1k-5k Employees (India),
Atos Global IT S...,4.1,(529 Reviews),"Navi Mumbai,Maharashtra + 12 more",10k-50k Employees (India),
Intertek,3.8,(533 Reviews),Private,25 years old,1k-5k Employees (India)
Imperial Auto In...,3.7,(527 Reviews),Public,53 years old,1k-5k Employees (India)
Decathlon,4.0,(527 Reviews),Private,46 years old,1k-5k Employees (India)
Huhtamaki,4.2,(527 Reviews),Private,87 years old,201-500 Employees (India)
TCS iON,3.8,(526 Reviews),Mumbai + 69 more,501-1k Employees (India),
Syngenta,4.2,(526 Reviews),Private,22 years old,1k-5k Employees (India)
Episource,3.9,(526 Reviews),Private,16 years old,1k-5k Employees (India)
MAHLE ANAND Filt...,4.2,(526 Reviews),Private,17 years old,1k-5k Employees (India)
Sykes Business S...,3.5,(526 Reviews),Private,45 years old,10k-50k Employees (India)
TietoEVRY,4.3,(525 Reviews),Public,28 years old,1k-5k Employees (India)
Bank of India,3.9,(524 Reviews),Private,116 years old,50k-1 Lakh Employees (India)
NEC,4.2,(1k Reviews),Private,123 years old,1k-5k Employees (India)
The Ramco Cement...,4.2,(523 Reviews),Public,61 years old,10k-50k Employees (Global)
Indegene,3.8,(522 Reviews),Private,24 years old,1k-5k Employees (India)
Teva Pharmaceuti...,4.1,(759 Reviews),Private,43 years old,1k-5k Employees (India)
Jaquar,4.2,(521 Reviews),Private,62 years old,1k-5k Employees (India)
DuPont,4.3,(521 Reviews),Private,220 years old,1k-5k Employees (India)
Jakson Group,3.8,(521 Reviews),Private,75 years old,1k-5k Employees (India)
Adobe,4.3,(519 Reviews),Public,25 years old,5k-10k Employees (India)
Star Union Dai-i...,3.9,(519 Reviews),Private,13 years old,1k-5k Employees (India)
Crowne Plaza,4.2,(1.4k Reviews),Public,39 years old,501-1k Employees (India)
Neel Metal Produ...,4.2,(518 Reviews),Gurgaon + 27 more,,
